Implementation,Total_Issues,Issues_Rank,Avg_Complexity,Complexity_Rank,Avg_MI_Score,MI_Rank,Overall_Rank
Claude Code (Basic),35,2.0,2.272222222222222,3.0,80.60586112844689,3.0,2.6666666666666665
Copilot Claude (Tuned),37,3.0,2.25531914893617,5.0,81.09683180234678,1.0,3.0
Copilot GPT (Basic),53,5.0,2.3591160220994474,1.0,80.56218624555733,4.0,3.3333333333333335
Copilot GPT (Tuned),51,4.0,2.269662921348315,4.0,81.07922962689167,2.0,3.3333333333333335
Claude Code (Tuned),25,1.0,2.2460732984293195,6.0,80.39269388071503,5.0,4.0
Copilot Claude (Basic),77,6.0,2.3233830845771144,2.0,79.80680308996725,6.0,4.666666666666667
